customer_id,name,city,signup_date
1,Customer_1,Chennai,2021-01-01
2,Customer_2,Hyderabad,2021-01-02
3,Customer_3,Mumbai,2021-01-03
4,Customer_4,Kolkata,2021-01-04
5,Customer_5,Kolkata,2021-01-05
6,Customer_6,Kolkata,2021-01-06
7,Customer_7,Delhi,2021-01-07
8,Customer_8,Kolkata,2021-01-08
9,Customer_9,Hyderabad,2021-01-09
10,Customer_10,Bangalore,2021-01-10
11,Customer_11,Chennai,2021-01-11
12,Customer_12,Pune,2021-01-12
13,Customer_13,Mumbai,2021-01-13
14,Customer_14,Mumbai,2021-01-14
15,Customer_15,Chennai,2021-01-15
16,Customer_16,Bangalore,2021-01-16
17,Customer_17,Delhi,2021-01-17
18,Customer_18,Pune,2021-01-18
19,Customer_19,Pune,2021-01-19
20,Customer_20,Mumbai,2021-01-20
21,Customer_21,Delhi,2021-01-21
22,Customer_22,Hyderabad,2021-01-22
23,Customer_23,Delhi,2021-01-23
24,Customer_24,Hyderabad,2021-01-24
25,Customer_25,Mumbai,2021-01-25
26,Customer_26,Delhi,2021-01-26
27,Customer_27,Chennai,2021-01-27
28,Customer_28,Kolkata,2021-01-28
29,Customer_29,Mumbai,2021-01-29
30,Customer_30,Kolkata,2021-01-30
31,Customer_31,Hyderabad,2021-01-31
32,Customer_32,Pune,2021-02-01
33,Customer_33,Mumbai,2021-02-02
34,Customer_34,Bangalore,2021-02-03
35,Customer_35,Kolkata,2021-02-04
36,Customer_36,Mumbai,2021-02-05
37,Customer_37,Delhi,2021-02-06
38,Customer_38,Kolkata,2021-02-07
39,Customer_39,Hyderabad,2021-02-08
40,Customer_40,Kolkata,2021-02-09
41,Customer_41,Kolkata,2021-02-10
42,Customer_42,Pune,2021-02-11
43,Customer_43,Mumbai,2021-02-12
44,Customer_44,Delhi,2021-02-13
45,Customer_45,Delhi,2021-02-14
46,Customer_46,Delhi,2021-02-15
47,Customer_47,Mumbai,2021-02-16
48,Customer_48,Bangalore,2021-02-17
49,Customer_49,Chennai,2021-02-18
50,Customer_50,Kolkata,2021-02-19
51,Customer_51,Pune,2021-02-20
52,Customer_52,Kolkata,2021-02-21
53,Customer_53,Bangalore,2021-02-22
54,Customer_54,Chennai,2021-02-23
55,Customer_55,Bangalore,2021-02-24
56,Customer_56,Mumbai,2021-02-25
57,Customer_57,Mumbai,2021-02-26
58,Customer_58,Chennai,2021-02-27
59,Customer_59,Hyderabad,2021-02-28
60,Customer_60,Hyderabad,2021-03-01
61,Customer_61,Pune,2021-03-02
62,Customer_62,Mumbai,2021-03-03
63,Customer_63,Chennai,2021-03-04
64,Customer_64,Delhi,2021-03-05
65,Customer_65,Chennai,2021-03-06
66,Customer_66,Delhi,2021-03-07
67,Customer_67,Bangalore,2021-03-08
68,Customer_68,Bangalore,2021-03-09
69,Customer_69,Mumbai,2021-03-10
70,Customer_70,Delhi,2021-03-11
71,Customer_71,Delhi,2021-03-12
72,Customer_72,Delhi,2021-03-13
73,Customer_73,Delhi,2021-03-14
74,Customer_74,Kolkata,2021-03-15
75,Customer_75,Pune,2021-03-16
76,Customer_76,Kolkata,2021-03-17
77,Customer_77,Pune,2021-03-18
78,Customer_78,Bangalore,2021-03-19
79,Customer_79,Kolkata,2021-03-20
80,Customer_80,Mumbai,2021-03-21
81,Customer_81,Pune,2021-03-22
82,Customer_82,Kolkata,2021-03-23
83,Customer_83,Hyderabad,2021-03-24
84,Customer_84,Chennai,2021-03-25
85,Customer_85,Delhi,2021-03-26
86,Customer_86,Bangalore,2021-03-27
87,Customer_87,Chennai,2021-03-28
88,Customer_88,Kolkata,2021-03-29
89,Customer_89,Chennai,2021-03-30
90,Customer_90,Pune,2021-03-31
91,Customer_91,Chennai,2021-04-01
92,Customer_92,Chennai,2021-04-02
93,Customer_93,Kolkata,2021-04-03
94,Customer_94,Chennai,2021-04-04
95,Customer_95,Chennai,2021-04-05
96,Customer_96,Chennai,2021-04-06
97,Customer_97,Mumbai,2021-04-07
98,Customer_98,Pune,2021-04-08
99,Customer_99,Chennai,2021-04-09
100,Customer_100,Kolkata,2021-04-10
101,Customer_101,Bangalore,2021-04-11
102,Customer_102,Hyderabad,2021-04-12
103,Customer_103,Hyderabad,2021-04-13
104,Customer_104,Hyderabad,2021-04-14
105,Customer_105,Mumbai,2021-04-15
106,Customer_106,Delhi,2021-04-16
107,Customer_107,Hyderabad,2021-04-17
108,Customer_108,Delhi,2021-04-18
109,Customer_109,Kolkata,2021-04-19
110,Customer_110,Mumbai,2021-04-20
111,Customer_111,Hyderabad,2021-04-21
112,Customer_112,Pune,2021-04-22
113,Customer_113,Mumbai,2021-04-23
114,Customer_114,Delhi,2021-04-24
115,Customer_115,Bangalore,2021-04-25
116,Customer_116,Chennai,2021-04-26
117,Customer_117,Bangalore,2021-04-27
118,Customer_118,Mumbai,2021-04-28
119,Customer_119,Hyderabad,2021-04-29
120,Customer_120,Kolkata,2021-04-30
121,Customer_121,Bangalore,2021-05-01
122,Customer_122,Bangalore,2021-05-02
123,Customer_123,Hyderabad,2021-05-03
124,Customer_124,Mumbai,2021-05-04
125,Customer_125,Hyderabad,2021-05-05
126,Customer_126,Delhi,2021-05-06
127,Customer_127,Mumbai,2021-05-07
128,Customer_128,Bangalore,2021-05-08
129,Customer_129,Bangalore,2021-05-09
130,Customer_130,Kolkata,2021-05-10
131,Customer_131,Bangalore,2021-05-11
132,Customer_132,Kolkata,2021-05-12
133,Customer_133,Bangalore,2021-05-13
134,Customer_134,Delhi,2021-05-14
135,Customer_135,Bangalore,2021-05-15
136,Customer_136,Pune,2021-05-16
137,Customer_137,Kolkata,2021-05-17
138,Customer_138,Pune,2021-05-18
139,Customer_139,Kolkata,2021-05-19
140,Customer_140,Kolkata,2021-05-20
141,Customer_141,Bangalore,2021-05-21
142,Customer_142,Pune,2021-05-22
143,Customer_143,Kolkata,2021-05-23
144,Customer_144,Chennai,2021-05-24
145,Customer_145,Delhi,2021-05-25
146,Customer_146,Bangalore,2021-05-26
147,Customer_147,Kolkata,2021-05-27
148,Customer_148,Pune,2021-05-28
149,Customer_149,Delhi,2021-05-29
150,Customer_150,Bangalore,2021-05-30
151,Customer_151,Delhi,2021-05-31
152,Customer_152,Chennai,2021-06-01
153,Customer_153,Bangalore,2021-06-02
154,Customer_154,Pune,2021-06-03
155,Customer_155,Kolkata,2021-06-04
156,Customer_156,Mumbai,2021-06-05
157,Customer_157,Kolkata,2021-06-06
158,Customer_158,Bangalore,2021-06-07
159,Customer_159,Kolkata,2021-06-08
160,Customer_160,Mumbai,2021-06-09
161,Customer_161,Mumbai,2021-06-10
162,Customer_162,Pune,2021-06-11
163,Customer_163,Mumbai,2021-06-12
164,Customer_164,Pune,2021-06-13
165,Customer_165,Kolkata,2021-06-14
166,Customer_166,Pune,2021-06-15
167,Customer_167,Bangalore,2021-06-16
168,Customer_168,Kolkata,2021-06-17
169,Customer_169,Mumbai,2021-06-18
170,Customer_170,Chennai,2021-06-19
171,Customer_171,Mumbai,2021-06-20
172,Customer_172,Hyderabad,2021-06-21
173,Customer_173,Pune,2021-06-22
174,Customer_174,Mumbai,2021-06-23
175,Customer_175,Hyderabad,2021-06-24
176,Customer_176,Bangalore,2021-06-25
177,Customer_177,Kolkata,2021-06-26
178,Customer_178,Pune,2021-06-27
179,Customer_179,Bangalore,2021-06-28
180,Customer_180,Kolkata,2021-06-29
181,Customer_181,Hyderabad,2021-06-30
182,Customer_182,Mumbai,2021-07-01
183,Customer_183,Mumbai,2021-07-02
184,Customer_184,Mumbai,2021-07-03
185,Customer_185,Kolkata,2021-07-04
186,Customer_186,Mumbai,2021-07-05
187,Customer_187,Bangalore,2021-07-06
188,Customer_188,Bangalore,2021-07-07
189,Customer_189,Mumbai,2021-07-08
190,Customer_190,Chennai,2021-07-09
191,Customer_191,Kolkata,2021-07-10
192,Customer_192,Chennai,2021-07-11
193,Customer_193,Hyderabad,2021-07-12
194,Customer_194,Pune,2021-07-13
195,Customer_195,Mumbai,2021-07-14
196,Customer_196,Chennai,2021-07-15
197,Customer_197,Kolkata,2021-07-16
198,Customer_198,Hyderabad,2021-07-17
199,Customer_199,Kolkata,2021-07-18
200,Customer_200,Chennai,2021-07-19
201,Customer_201,Pune,2021-07-20
202,Customer_202,Hyderabad,2021-07-21
203,Customer_203,Delhi,2021-07-22
204,Customer_204,Hyderabad,2021-07-23
205,Customer_205,Kolkata,2021-07-24
206,Customer_206,Mumbai,2021-07-25
207,Customer_207,Mumbai,2021-07-26
208,Customer_208,Mumbai,2021-07-27
209,Customer_209,Hyderabad,2021-07-28
210,Customer_210,Hyderabad,2021-07-29
211,Customer_211,Pune,2021-07-30
212,Customer_212,Delhi,2021-07-31
213,Customer_213,Mumbai,2021-08-01
214,Customer_214,Chennai,2021-08-02
215,Customer_215,Delhi,2021-08-03
216,Customer_216,Pune,2021-08-04
217,Customer_217,Hyderabad,2021-08-05
218,Customer_218,Hyderabad,2021-08-06
219,Customer_219,Kolkata,2021-08-07
220,Customer_220,Delhi,2021-08-08
221,Customer_221,Mumbai,2021-08-09
222,Customer_222,Mumbai,2021-08-10
223,Customer_223,Chennai,2021-08-11
224,Customer_224,Kolkata,2021-08-12
225,Customer_225,Kolkata,2021-08-13
226,Customer_226,Delhi,2021-08-14
227,Customer_227,Pune,2021-08-15
228,Customer_228,Hyderabad,2021-08-16
229,Customer_229,Hyderabad,2021-08-17
230,Customer_230,Mumbai,2021-08-18
231,Customer_231,Mumbai,2021-08-19
232,Customer_232,Delhi,2021-08-20
233,Customer_233,Bangalore,2021-08-21
234,Customer_234,Mumbai,2021-08-22
235,Customer_235,Pune,2021-08-23
236,Customer_236,Kolkata,2021-08-24
237,Customer_237,Pune,2021-08-25
238,Customer_238,Hyderabad,2021-08-26
239,Customer_239,Delhi,2021-08-27
240,Customer_240,Delhi,2021-08-28
241,Customer_241,Pune,2021-08-29
242,Customer_242,Chennai,2021-08-30
243,Customer_243,Mumbai,2021-08-31
244,Customer_244,Hyderabad,2021-09-01
245,Customer_245,Mumbai,2021-09-02
246,Customer_246,Kolkata,2021-09-03
247,Customer_247,Bangalore,2021-09-04
248,Customer_248,Kolkata,2021-09-05
249,Customer_249,Bangalore,2021-09-06
250,Customer_250,Chennai,2021-09-07
251,Customer_251,Pune,2021-09-08
252,Customer_252,Kolkata,2021-09-09
253,Customer_253,Pune,2021-09-10
254,Customer_254,Pune,2021-09-11
255,Customer_255,Hyderabad,2021-09-12
256,Customer_256,Hyderabad,2021-09-13
257,Customer_257,Kolkata,2021-09-14
258,Customer_258,Mumbai,2021-09-15
259,Customer_259,Kolkata,2021-09-16
260,Customer_260,Mumbai,2021-09-17
261,Customer_261,Chennai,2021-09-18
262,Customer_262,Bangalore,2021-09-19
263,Customer_263,Pune,2021-09-20
264,Customer_264,Kolkata,2021-09-21
265,Customer_265,Hyderabad,2021-09-22
266,Customer_266,Hyderabad,2021-09-23
267,Customer_267,Chennai,2021-09-24
268,Customer_268,Mumbai,2021-09-25
269,Customer_269,Bangalore,2021-09-26
270,Customer_270,Kolkata,2021-09-27
271,Customer_271,Kolkata,2021-09-28
272,Customer_272,Delhi,2021-09-29
273,Customer_273,Hyderabad,2021-09-30
274,Customer_274,Kolkata,2021-10-01
275,Customer_275,Pune,2021-10-02
276,Customer_276,Chennai,2021-10-03
277,Customer_277,Hyderabad,2021-10-04
278,Customer_278,Hyderabad,2021-10-05
279,Customer_279,Kolkata,2021-10-06
280,Customer_280,Kolkata,2021-10-07
281,Customer_281,Delhi,2021-10-08
282,Customer_282,Delhi,2021-10-09
283,Customer_283,Delhi,2021-10-10
284,Customer_284,Kolkata,2021-10-11
285,Customer_285,Pune,2021-10-12
286,Customer_286,Bangalore,2021-10-13
287,Customer_287,Bangalore,2021-10-14
288,Customer_288,Chennai,2021-10-15
289,Customer_289,Kolkata,2021-10-16
290,Customer_290,Delhi,2021-10-17
291,Customer_291,Bangalore,2021-10-18
292,Customer_292,Kolkata,2021-10-19
293,Customer_293,Hyderabad,2021-10-20
294,Customer_294,Hyderabad,2021-10-21
295,Customer_295,Hyderabad,2021-10-22
296,Customer_296,Delhi,2021-10-23
297,Customer_297,Chennai,2021-10-24
298,Customer_298,Bangalore,2021-10-25
299,Customer_299,Bangalore,2021-10-26
300,Customer_300,Mumbai,2021-10-27
301,Customer_301,Delhi,2021-10-28
302,Customer_302,Hyderabad,2021-10-29
303,Customer_303,Mumbai,2021-10-30
304,Customer_304,Chennai,2021-10-31
305,Customer_305,Mumbai,2021-11-01
306,Customer_306,Kolkata,2021-11-02
307,Customer_307,Bangalore,2021-11-03
308,Customer_308,Hyderabad,2021-11-04
309,Customer_309,Pune,2021-11-05
310,Customer_310,Hyderabad,2021-11-06
311,Customer_311,Pune,2021-11-07
312,Customer_312,Mumbai,2021-11-08
313,Customer_313,Pune,2021-11-09
314,Customer_314,Mumbai,2021-11-10
315,Customer_315,Hyderabad,2021-11-11
316,Customer_316,Delhi,2021-11-12
317,Customer_317,Delhi,2021-11-13
318,Customer_318,Mumbai,2021-11-14
319,Customer_319,Kolkata,2021-11-15
320,Customer_320,Mumbai,2021-11-16
321,Customer_321,Kolkata,2021-11-17
322,Customer_322,Mumbai,2021-11-18
323,Customer_323,Chennai,2021-11-19
324,Customer_324,Chennai,2021-11-20
325,Customer_325,Mumbai,2021-11-21
326,Customer_326,Delhi,2021-11-22
327,Customer_327,Kolkata,2021-11-23
328,Customer_328,Chennai,2021-11-24
329,Customer_329,Kolkata,2021-11-25
330,Customer_330,Bangalore,2021-11-26
331,Customer_331,Pune,2021-11-27
332,Customer_332,Hyderabad,2021-11-28
333,Customer_333,Delhi,2021-11-29
334,Customer_334,Delhi,2021-11-30
335,Customer_335,Bangalore,2021-12-01
336,Customer_336,Delhi,2021-12-02
337,Customer_337,Hyderabad,2021-12-03
338,Customer_338,Chennai,2021-12-04
339,Customer_339,Hyderabad,2021-12-05
340,Customer_340,Bangalore,2021-12-06
341,Customer_341,Hyderabad,2021-12-07
342,Customer_342,Hyderabad,2021-12-08
343,Customer_343,Chennai,2021-12-09
344,Customer_344,Chennai,2021-12-10
345,Customer_345,Hyderabad,2021-12-11
346,Customer_346,Hyderabad,2021-12-12
347,Customer_347,Bangalore,2021-12-13
348,Customer_348,Kolkata,2021-12-14
349,Customer_349,Hyderabad,2021-12-15
350,Customer_350,Kolkata,2021-12-16
351,Customer_351,Pune,2021-12-17
352,Customer_352,Pune,2021-12-18
353,Customer_353,Delhi,2021-12-19
354,Customer_354,Pune,2021-12-20
355,Customer_355,Bangalore,2021-12-21
356,Customer_356,Chennai,2021-12-22
357,Customer_357,Kolkata,2021-12-23
358,Customer_358,Kolkata,2021-12-24
359,Customer_359,Delhi,2021-12-25
360,Customer_360,Delhi,2021-12-26
361,Customer_361,Hyderabad,2021-12-27
362,Customer_362,Pune,2021-12-28
363,Customer_363,Hyderabad,2021-12-29
364,Customer_364,Delhi,2021-12-30
365,Customer_365,Delhi,2021-12-31
366,Customer_366,Bangalore,2022-01-01
367,Customer_367,Mumbai,2022-01-02
368,Customer_368,Kolkata,2022-01-03
369,Customer_369,Delhi,2022-01-04
370,Customer_370,Chennai,2022-01-05
371,Customer_371,Kolkata,2022-01-06
372,Customer_372,Delhi,2022-01-07
373,Customer_373,Delhi,2022-01-08
374,Customer_374,Bangalore,2022-01-09
375,Customer_375,Mumbai,2022-01-10
376,Customer_376,Pune,2022-01-11
377,Customer_377,Mumbai,2022-01-12
378,Customer_378,Bangalore,2022-01-13
379,Customer_379,Chennai,2022-01-14
380,Customer_380,Pune,2022-01-15
381,Customer_381,Mumbai,2022-01-16
382,Customer_382,Chennai,2022-01-17
383,Customer_383,Kolkata,2022-01-18
384,Customer_384,Kolkata,2022-01-19
385,Customer_385,Mumbai,2022-01-20
386,Customer_386,Mumbai,2022-01-21
387,Customer_387,Kolkata,2022-01-22
388,Customer_388,Hyderabad,2022-01-23
389,Customer_389,Kolkata,2022-01-24
390,Customer_390,Pune,2022-01-25
391,Customer_391,Mumbai,2022-01-26
392,Customer_392,Kolkata,2022-01-27
393,Customer_393,Mumbai,2022-01-28
394,Customer_394,Hyderabad,2022-01-29
395,Customer_395,Bangalore,2022-01-30
396,Customer_396,Delhi,2022-01-31
397,Customer_397,Mumbai,2022-02-01
398,Customer_398,Chennai,2022-02-02
399,Customer_399,Mumbai,2022-02-03
400,Customer_400,Kolkata,2022-02-04
401,Customer_401,Chennai,2022-02-05
402,Customer_402,Chennai,2022-02-06
403,Customer_403,Delhi,2022-02-07
404,Customer_404,Mumbai,2022-02-08
405,Customer_405,Bangalore,2022-02-09
406,Customer_406,Pune,2022-02-10
407,Customer_407,Pune,2022-02-11
408,Customer_408,Chennai,2022-02-12
409,Customer_409,Chennai,2022-02-13
410,Customer_410,Bangalore,2022-02-14
411,Customer_411,Chennai,2022-02-15
412,Customer_412,Pune,2022-02-16
413,Customer_413,Kolkata,2022-02-17
414,Customer_414,Bangalore,2022-02-18
415,Customer_415,Kolkata,2022-02-19
416,Customer_416,Mumbai,2022-02-20
417,Customer_417,Hyderabad,2022-02-21
418,Customer_418,Hyderabad,2022-02-22
419,Customer_419,Hyderabad,2022-02-23
420,Customer_420,Mumbai,2022-02-24
421,Customer_421,Mumbai,2022-02-25
422,Customer_422,Hyderabad,2022-02-26
423,Customer_423,Kolkata,2022-02-27
424,Customer_424,Chennai,2022-02-28
425,Customer_425,Chennai,2022-03-01
426,Customer_426,Hyderabad,2022-03-02
427,Customer_427,Bangalore,2022-03-03
428,Customer_428,Bangalore,2022-03-04
429,Customer_429,Chennai,2022-03-05
430,Customer_430,Pune,2022-03-06
431,Customer_431,Delhi,2022-03-07
432,Customer_432,Kolkata,2022-03-08
433,Customer_433,Kolkata,2022-03-09
434,Customer_434,Kolkata,2022-03-10
435,Customer_435,Delhi,2022-03-11
436,Customer_436,Bangalore,2022-03-12
437,Customer_437,Hyderabad,2022-03-13
438,Customer_438,Bangalore,2022-03-14
439,Customer_439,Kolkata,2022-03-15
440,Customer_440,Pune,2022-03-16
441,Customer_441,Hyderabad,2022-03-17
442,Customer_442,Bangalore,2022-03-18
443,Customer_443,Kolkata,2022-03-19
444,Customer_444,Chennai,2022-03-20
445,Customer_445,Chennai,2022-03-21
446,Customer_446,Bangalore,2022-03-22
447,Customer_447,Hyderabad,2022-03-23
448,Customer_448,Delhi,2022-03-24
449,Customer_449,Pune,2022-03-25
450,Customer_450,Bangalore,2022-03-26
451,Customer_451,Hyderabad,2022-03-27
452,Customer_452,Mumbai,2022-03-28
453,Customer_453,Pune,2022-03-29
454,Customer_454,Kolkata,2022-03-30
455,Customer_455,Mumbai,2022-03-31
456,Customer_456,Bangalore,2022-04-01
457,Customer_457,Chennai,2022-04-02
458,Customer_458,Kolkata,2022-04-03
459,Customer_459,Bangalore,2022-04-04
460,Customer_460,Delhi,2022-04-05
461,Customer_461,Bangalore,2022-04-06
462,Customer_462,Delhi,2022-04-07
463,Customer_463,Chennai,2022-04-08
464,Customer_464,Hyderabad,2022-04-09
465,Customer_465,Delhi,2022-04-10
466,Customer_466,Pune,2022-04-11
467,Customer_467,Pune,2022-04-12
468,Customer_468,Mumbai,2022-04-13
469,Customer_469,Hyderabad,2022-04-14
470,Customer_470,Mumbai,2022-04-15
471,Customer_471,Mumbai,2022-04-16
472,Customer_472,Mumbai,2022-04-17
473,Customer_473,Pune,2022-04-18
474,Customer_474,Mumbai,2022-04-19
475,Customer_475,Delhi,2022-04-20
476,Customer_476,Mumbai,2022-04-21
477,Customer_477,Kolkata,2022-04-22
478,Customer_478,Pune,2022-04-23
479,Customer_479,Delhi,2022-04-24
480,Customer_480,Chennai,2022-04-25
481,Customer_481,Delhi,2022-04-26
482,Customer_482,Bangalore,2022-04-27
483,Customer_483,Chennai,2022-04-28
484,Customer_484,Mumbai,2022-04-29
485,Customer_485,Mumbai,2022-04-30
486,Customer_486,Bangalore,2022-05-01
487,Customer_487,Hyderabad,2022-05-02
488,Customer_488,Mumbai,2022-05-03
489,Customer_489,Chennai,2022-05-04
490,Customer_490,Chennai,2022-05-05
491,Customer_491,Chennai,2022-05-06
492,Customer_492,Delhi,2022-05-07
493,Customer_493,Pune,2022-05-08
494,Customer_494,Pune,2022-05-09
495,Customer_495,Delhi,2022-05-10
496,Customer_496,Chennai,2022-05-11
497,Customer_497,Delhi,2022-05-12
498,Customer_498,Hyderabad,2022-05-13
499,Customer_499,Delhi,2022-05-14
500,Customer_500,Kolkata,2022-05-15
501,Customer_501,Hyderabad,2022-05-16
502,Customer_502,Delhi,2022-05-17
503,Customer_503,Kolkata,2022-05-18
504,Customer_504,Hyderabad,2022-05-19
505,Customer_505,Kolkata,2022-05-20
506,Customer_506,Pune,2022-05-21
507,Customer_507,Pune,2022-05-22
508,Customer_508,Delhi,2022-05-23
509,Customer_509,Delhi,2022-05-24
510,Customer_510,Delhi,2022-05-25
511,Customer_511,Pune,2022-05-26
512,Customer_512,Mumbai,2022-05-27
513,Customer_513,Kolkata,2022-05-28
514,Customer_514,Mumbai,2022-05-29
515,Customer_515,Chennai,2022-05-30
516,Customer_516,Delhi,2022-05-31
517,Customer_517,Chennai,2022-06-01
518,Customer_518,Hyderabad,2022-06-02
519,Customer_519,Mumbai,2022-06-03
520,Customer_520,Kolkata,2022-06-04
521,Customer_521,Pune,2022-06-05
522,Customer_522,Bangalore,2022-06-06
523,Customer_523,Delhi,2022-06-07
524,Customer_524,Chennai,2022-06-08
525,Customer_525,Chennai,2022-06-09
526,Customer_526,Chennai,2022-06-10
527,Customer_527,Mumbai,2022-06-11
528,Customer_528,Mumbai,2022-06-12
529,Customer_529,Bangalore,2022-06-13
530,Customer_530,Hyderabad,2022-06-14
531,Customer_531,Mumbai,2022-06-15
532,Customer_532,Pune,2022-06-16
533,Customer_533,Kolkata,2022-06-17
534,Customer_534,Kolkata,2022-06-18
535,Customer_535,Chennai,2022-06-19
536,Customer_536,Pune,2022-06-20
537,Customer_537,Delhi,2022-06-21
538,Customer_538,Chennai,2022-06-22
539,Customer_539,Kolkata,2022-06-23
540,Customer_540,Kolkata,2022-06-24
541,Customer_541,Kolkata,2022-06-25
542,Customer_542,Chennai,2022-06-26
543,Customer_543,Bangalore,2022-06-27
544,Customer_544,Delhi,2022-06-28
545,Customer_545,Bangalore,2022-06-29
546,Customer_546,Bangalore,2022-06-30
547,Customer_547,Delhi,2022-07-01
548,Customer_548,Kolkata,2022-07-02
549,Customer_549,Kolkata,2022-07-03
550,Customer_550,Chennai,2022-07-04
551,Customer_551,Chennai,2022-07-05
552,Customer_552,Bangalore,2022-07-06
553,Customer_553,Delhi,2022-07-07
554,Customer_554,Delhi,2022-07-08
555,Customer_555,Mumbai,2022-07-09
556,Customer_556,Mumbai,2022-07-10
557,Customer_557,Bangalore,2022-07-11
558,Customer_558,Chennai,2022-07-12
559,Customer_559,Kolkata,2022-07-13
560,Customer_560,Hyderabad,2022-07-14
561,Customer_561,Pune,2022-07-15
562,Customer_562,Kolkata,2022-07-16
563,Customer_563,Bangalore,2022-07-17
564,Customer_564,Delhi,2022-07-18
565,Customer_565,Mumbai,2022-07-19
566,Customer_566,Chennai,2022-07-20
567,Customer_567,Delhi,2022-07-21
568,Customer_568,Chennai,2022-07-22
569,Customer_569,Chennai,2022-07-23
570,Customer_570,Bangalore,2022-07-24
571,Customer_571,Mumbai,2022-07-25
572,Customer_572,Mumbai,2022-07-26
573,Customer_573,Hyderabad,2022-07-27
574,Customer_574,Kolkata,2022-07-28
575,Customer_575,Delhi,2022-07-29
576,Customer_576,Hyderabad,2022-07-30
577,Customer_577,Hyderabad,2022-07-31
578,Customer_578,Delhi,2022-08-01
579,Customer_579,Hyderabad,2022-08-02
580,Customer_580,Pune,2022-08-03
581,Customer_581,Mumbai,2022-08-04
582,Customer_582,Pune,2022-08-05
583,Customer_583,Chennai,2022-08-06
584,Customer_584,Kolkata,2022-08-07
585,Customer_585,Hyderabad,2022-08-08
586,Customer_586,Kolkata,2022-08-09
587,Customer_587,Chennai,2022-08-10
588,Customer_588,Kolkata,2022-08-11
589,Customer_589,Pune,2022-08-12
590,Customer_590,Chennai,2022-08-13
591,Customer_591,Kolkata,2022-08-14
592,Customer_592,Mumbai,2022-08-15
593,Customer_593,Hyderabad,2022-08-16
594,Customer_594,Kolkata,2022-08-17
595,Customer_595,Kolkata,2022-08-18
596,Customer_596,Pune,2022-08-19
597,Customer_597,Delhi,2022-08-20
598,Customer_598,Kolkata,2022-08-21
599,Customer_599,Hyderabad,2022-08-22
600,Customer_600,Hyderabad,2022-08-23
601,Customer_601,Chennai,2022-08-24
602,Customer_602,Mumbai,2022-08-25
603,Customer_603,Kolkata,2022-08-26
604,Customer_604,Pune,2022-08-27
605,Customer_605,Mumbai,2022-08-28
606,Customer_606,Mumbai,2022-08-29
607,Customer_607,Kolkata,2022-08-30
608,Customer_608,Pune,2022-08-31
609,Customer_609,Delhi,2022-09-01
610,Customer_610,Bangalore,2022-09-02
611,Customer_611,Kolkata,2022-09-03
612,Customer_612,Bangalore,2022-09-04
613,Customer_613,Kolkata,2022-09-05
614,Customer_614,Mumbai,2022-09-06
615,Customer_615,Kolkata,2022-09-07
616,Customer_616,Bangalore,2022-09-08
617,Customer_617,Pune,2022-09-09
618,Customer_618,Mumbai,2022-09-10
619,Customer_619,Kolkata,2022-09-11
620,Customer_620,Pune,2022-09-12
621,Customer_621,Delhi,2022-09-13
622,Customer_622,Chennai,2022-09-14
623,Customer_623,Kolkata,2022-09-15
624,Customer_624,Delhi,2022-09-16
625,Customer_625,Bangalore,2022-09-17
626,Customer_626,Hyderabad,2022-09-18
627,Customer_627,Delhi,2022-09-19
628,Customer_628,Chennai,2022-09-20
629,Customer_629,Delhi,2022-09-21
630,Customer_630,Hyderabad,2022-09-22
631,Customer_631,Kolkata,2022-09-23
632,Customer_632,Delhi,2022-09-24
633,Customer_633,Kolkata,2022-09-25
634,Customer_634,Bangalore,2022-09-26
635,Customer_635,Chennai,2022-09-27
636,Customer_636,Hyderabad,2022-09-28
637,Customer_637,Delhi,2022-09-29
638,Customer_638,Chennai,2022-09-30
639,Customer_639,Delhi,2022-10-01
640,Customer_640,Pune,2022-10-02
641,Customer_641,Chennai,2022-10-03
642,Customer_642,Delhi,2022-10-04
643,Customer_643,Bangalore,2022-10-05
644,Customer_644,Hyderabad,2022-10-06
645,Customer_645,Pune,2022-10-07
646,Customer_646,Hyderabad,2022-10-08
647,Customer_647,Bangalore,2022-10-09
648,Customer_648,Kolkata,2022-10-10
649,Customer_649,Delhi,2022-10-11
650,Customer_650,Bangalore,2022-10-12
651,Customer_651,Bangalore,2022-10-13
652,Customer_652,Pune,2022-10-14
653,Customer_653,Pune,2022-10-15
654,Customer_654,Chennai,2022-10-16
655,Customer_655,Bangalore,2022-10-17
656,Customer_656,Bangalore,2022-10-18
657,Customer_657,Kolkata,2022-10-19
658,Customer_658,Pune,2022-10-20
659,Customer_659,Pune,2022-10-21
660,Customer_660,Mumbai,2022-10-22
661,Customer_661,Hyderabad,2022-10-23
662,Customer_662,Chennai,2022-10-24
663,Customer_663,Bangalore,2022-10-25
664,Customer_664,Mumbai,2022-10-26
665,Customer_665,Mumbai,2022-10-27
666,Customer_666,Bangalore,2022-10-28
667,Customer_667,Kolkata,2022-10-29
668,Customer_668,Hyderabad,2022-10-30
669,Customer_669,Pune,2022-10-31
670,Customer_670,Pune,2022-11-01
671,Customer_671,Hyderabad,2022-11-02
672,Customer_672,Hyderabad,2022-11-03
673,Customer_673,Pune,2022-11-04
674,Customer_674,Delhi,2022-11-05
675,Customer_675,Pune,2022-11-06
676,Customer_676,Hyderabad,2022-11-07
677,Customer_677,Kolkata,2022-11-08
678,Customer_678,Bangalore,2022-11-09
679,Customer_679,Chennai,2022-11-10
680,Customer_680,Delhi,2022-11-11
681,Customer_681,Delhi,2022-11-12
682,Customer_682,Bangalore,2022-11-13
683,Customer_683,Bangalore,2022-11-14
684,Customer_684,Chennai,2022-11-15
685,Customer_685,Pune,2022-11-16
686,Customer_686,Hyderabad,2022-11-17
687,Customer_687,Kolkata,2022-11-18
688,Customer_688,Pune,2022-11-19
689,Customer_689,Chennai,2022-11-20
690,Customer_690,Hyderabad,2022-11-21
691,Customer_691,Bangalore,2022-11-22
692,Customer_692,Chennai,2022-11-23
693,Customer_693,Pune,2022-11-24
694,Customer_694,Hyderabad,2022-11-25
695,Customer_695,Bangalore,2022-11-26
696,Customer_696,Delhi,2022-11-27
697,Customer_697,Chennai,2022-11-28
698,Customer_698,Mumbai,2022-11-29
699,Customer_699,Delhi,2022-11-30
700,Customer_700,Mumbai,2022-12-01
701,Customer_701,Bangalore,2022-12-02
702,Customer_702,Mumbai,2022-12-03
703,Customer_703,Kolkata,2022-12-04
704,Customer_704,Hyderabad,2022-12-05
705,Customer_705,Bangalore,2022-12-06
706,Customer_706,Mumbai,2022-12-07
707,Customer_707,Bangalore,2022-12-08
708,Customer_708,Kolkata,2022-12-09
709,Customer_709,Mumbai,2022-12-10
710,Customer_710,Mumbai,2022-12-11
711,Customer_711,Delhi,2022-12-12
712,Customer_712,Mumbai,2022-12-13
713,Customer_713,Hyderabad,2022-12-14
714,Customer_714,Mumbai,2022-12-15
715,Customer_715,Bangalore,2022-12-16
716,Customer_716,Kolkata,2022-12-17
717,Customer_717,Chennai,2022-12-18
718,Customer_718,Pune,2022-12-19
719,Customer_719,Hyderabad,2022-12-20
720,Customer_720,Kolkata,2022-12-21
721,Customer_721,Kolkata,2022-12-22
722,Customer_722,Mumbai,2022-12-23
723,Customer_723,Pune,2022-12-24
724,Customer_724,Chennai,2022-12-25
725,Customer_725,Pune,2022-12-26
726,Customer_726,Chennai,2022-12-27
727,Customer_727,Kolkata,2022-12-28
728,Customer_728,Pune,2022-12-29
729,Customer_729,Bangalore,2022-12-30
730,Customer_730,Chennai,2022-12-31
731,Customer_731,Chennai,2023-01-01
732,Customer_732,Pune,2023-01-02
733,Customer_733,Hyderabad,2023-01-03
734,Customer_734,Kolkata,2023-01-04
735,Customer_735,Hyderabad,2023-01-05
736,Customer_736,Hyderabad,2023-01-06
737,Customer_737,Delhi,2023-01-07
738,Customer_738,Chennai,2023-01-08
739,Customer_739,Pune,2023-01-09
740,Customer_740,Hyderabad,2023-01-10
741,Customer_741,Hyderabad,2023-01-11
742,Customer_742,Kolkata,2023-01-12
743,Customer_743,Delhi,2023-01-13
744,Customer_744,Kolkata,2023-01-14
745,Customer_745,Hyderabad,2023-01-15
746,Customer_746,Kolkata,2023-01-16
747,Customer_747,Bangalore,2023-01-17
748,Customer_748,Mumbai,2023-01-18
749,Customer_749,Pune,2023-01-19
750,Customer_750,Delhi,2023-01-20
751,Customer_751,Hyderabad,2023-01-21
752,Customer_752,Hyderabad,2023-01-22
753,Customer_753,Hyderabad,2023-01-23
754,Customer_754,Pune,2023-01-24
755,Customer_755,Mumbai,2023-01-25
756,Customer_756,Delhi,2023-01-26
757,Customer_757,Pune,2023-01-27
758,Customer_758,Hyderabad,2023-01-28
759,Customer_759,Delhi,2023-01-29
760,Customer_760,Hyderabad,2023-01-30
761,Customer_761,Pune,2023-01-31
762,Customer_762,Chennai,2023-02-01
763,Customer_763,Bangalore,2023-02-02
764,Customer_764,Bangalore,2023-02-03
765,Customer_765,Kolkata,2023-02-04
766,Customer_766,Pune,2023-02-05
767,Customer_767,Pune,2023-02-06
768,Customer_768,Pune,2023-02-07
769,Customer_769,Mumbai,2023-02-08
770,Customer_770,Hyderabad,2023-02-09
771,Customer_771,Hyderabad,2023-02-10
772,Customer_772,Kolkata,2023-02-11
773,Customer_773,Bangalore,2023-02-12
774,Customer_774,Kolkata,2023-02-13
775,Customer_775,Bangalore,2023-02-14
776,Customer_776,Bangalore,2023-02-15
777,Customer_777,Delhi,2023-02-16
778,Customer_778,Kolkata,2023-02-17
779,Customer_779,Delhi,2023-02-18
780,Customer_780,Kolkata,2023-02-19
781,Customer_781,Hyderabad,2023-02-20
782,Customer_782,Pune,2023-02-21
783,Customer_783,Bangalore,2023-02-22
784,Customer_784,Hyderabad,2023-02-23
785,Customer_785,Bangalore,2023-02-24
786,Customer_786,Chennai,2023-02-25
787,Customer_787,Delhi,2023-02-26
788,Customer_788,Hyderabad,2023-02-27
789,Customer_789,Pune,2023-02-28
790,Customer_790,Mumbai,2023-03-01
791,Customer_791,Kolkata,2023-03-02
792,Customer_792,Hyderabad,2023-03-03
793,Customer_793,Mumbai,2023-03-04
794,Customer_794,Chennai,2023-03-05
795,Customer_795,Bangalore,2023-03-06
796,Customer_796,Delhi,2023-03-07
797,Customer_797,Mumbai,2023-03-08
798,Customer_798,Delhi,2023-03-09
799,Customer_799,Bangalore,2023-03-10
800,Customer_800,Delhi,2023-03-11
801,Customer_801,Pune,2023-03-12
802,Customer_802,Delhi,2023-03-13
803,Customer_803,Hyderabad,2023-03-14
804,Customer_804,Kolkata,2023-03-15
805,Customer_805,Pune,2023-03-16
806,Customer_806,Mumbai,2023-03-17
807,Customer_807,Chennai,2023-03-18
808,Customer_808,Delhi,2023-03-19
809,Customer_809,Delhi,2023-03-20
810,Customer_810,Hyderabad,2023-03-21
811,Customer_811,Chennai,2023-03-22
812,Customer_812,Pune,2023-03-23
813,Customer_813,Pune,2023-03-24
814,Customer_814,Pune,2023-03-25
815,Customer_815,Mumbai,2023-03-26
816,Customer_816,Bangalore,2023-03-27
817,Customer_817,Kolkata,2023-03-28
818,Customer_818,Chennai,2023-03-29
819,Customer_819,Delhi,2023-03-30
820,Customer_820,Pune,2023-03-31
821,Customer_821,Bangalore,2023-04-01
822,Customer_822,Kolkata,2023-04-02
823,Customer_823,Chennai,2023-04-03
824,Customer_824,Delhi,2023-04-04
825,Customer_825,Pune,2023-04-05
826,Customer_826,Mumbai,2023-04-06
827,Customer_827,Chennai,2023-04-07
828,Customer_828,Pune,2023-04-08
829,Customer_829,Delhi,2023-04-09
830,Customer_830,Bangalore,2023-04-10
831,Customer_831,Chennai,2023-04-11
832,Customer_832,Kolkata,2023-04-12
833,Customer_833,Mumbai,2023-04-13
834,Customer_834,Chennai,2023-04-14
835,Customer_835,Hyderabad,2023-04-15
836,Customer_836,Chennai,2023-04-16
837,Customer_837,Hyderabad,2023-04-17
838,Customer_838,Mumbai,2023-04-18
839,Customer_839,Hyderabad,2023-04-19
840,Customer_840,Bangalore,2023-04-20
841,Customer_841,Kolkata,2023-04-21
842,Customer_842,Delhi,2023-04-22
843,Customer_843,Bangalore,2023-04-23
844,Customer_844,Delhi,2023-04-24
845,Customer_845,Pune,2023-04-25
846,Customer_846,Hyderabad,2023-04-26
847,Customer_847,Kolkata,2023-04-27
848,Customer_848,Bangalore,2023-04-28
849,Customer_849,Chennai,2023-04-29
850,Customer_850,Bangalore,2023-04-30
851,Customer_851,Delhi,2023-05-01
852,Customer_852,Chennai,2023-05-02
853,Customer_853,Mumbai,2023-05-03
854,Customer_854,Bangalore,2023-05-04
855,Customer_855,Bangalore,2023-05-05
856,Customer_856,Chennai,2023-05-06
857,Customer_857,Bangalore,2023-05-07
858,Customer_858,Chennai,2023-05-08
859,Customer_859,Mumbai,2023-05-09
860,Customer_860,Bangalore,2023-05-10
861,Customer_861,Pune,2023-05-11
862,Customer_862,Delhi,2023-05-12
863,Customer_863,Bangalore,2023-05-13
864,Customer_864,Chennai,2023-05-14
865,Customer_865,Chennai,2023-05-15
866,Customer_866,Delhi,2023-05-16
867,Customer_867,Delhi,2023-05-17
868,Customer_868,Chennai,2023-05-18
869,Customer_869,Hyderabad,2023-05-19
870,Customer_870,Chennai,2023-05-20
871,Customer_871,Bangalore,2023-05-21
872,Customer_872,Chennai,2023-05-22
873,Customer_873,Delhi,2023-05-23
874,Customer_874,Bangalore,2023-05-24
875,Customer_875,Chennai,2023-05-25
876,Customer_876,Mumbai,2023-05-26
877,Customer_877,Delhi,2023-05-27
878,Customer_878,Hyderabad,2023-05-28
879,Customer_879,Mumbai,2023-05-29
880,Customer_880,Bangalore,2023-05-30
881,Customer_881,Delhi,2023-05-31
882,Customer_882,Bangalore,2023-06-01
883,Customer_883,Kolkata,2023-06-02
884,Customer_884,Delhi,2023-06-03
885,Customer_885,Bangalore,2023-06-04
886,Customer_886,Mumbai,2023-06-05
887,Customer_887,Bangalore,2023-06-06
888,Customer_888,Chennai,2023-06-07
889,Customer_889,Pune,2023-06-08
890,Customer_890,Chennai,2023-06-09
891,Customer_891,Mumbai,2023-06-10
892,Customer_892,Bangalore,2023-06-11
893,Customer_893,Delhi,2023-06-12
894,Customer_894,Mumbai,2023-06-13
895,Customer_895,Bangalore,2023-06-14
896,Customer_896,Kolkata,2023-06-15
897,Customer_897,Chennai,2023-06-16
898,Customer_898,Mumbai,2023-06-17
899,Customer_899,Bangalore,2023-06-18
900,Customer_900,Kolkata,2023-06-19
901,Customer_901,Chennai,2023-06-20
902,Customer_902,Kolkata,2023-06-21
903,Customer_903,Hyderabad,2023-06-22
904,Customer_904,Pune,2023-06-23
905,Customer_905,Mumbai,2023-06-24
906,Customer_906,Bangalore,2023-06-25
907,Customer_907,Kolkata,2023-06-26
908,Customer_908,Pune,2023-06-27
909,Customer_909,Kolkata,2023-06-28
910,Customer_910,Kolkata,2023-06-29
911,Customer_911,Delhi,2023-06-30
912,Customer_912,Pune,2023-07-01
913,Customer_913,Kolkata,2023-07-02
914,Customer_914,Bangalore,2023-07-03
915,Customer_915,Bangalore,2023-07-04
916,Customer_916,Bangalore,2023-07-05
917,Customer_917,Pune,2023-07-06
918,Customer_918,Chennai,2023-07-07
919,Customer_919,Kolkata,2023-07-08
920,Customer_920,Pune,2023-07-09
921,Customer_921,Mumbai,2023-07-10
922,Customer_922,Chennai,2023-07-11
923,Customer_923,Hyderabad,2023-07-12
924,Customer_924,Delhi,2023-07-13
925,Customer_925,Bangalore,2023-07-14
926,Customer_926,Delhi,2023-07-15
927,Customer_927,Chennai,2023-07-16
928,Customer_928,Pune,2023-07-17
929,Customer_929,Delhi,2023-07-18
930,Customer_930,Chennai,2023-07-19
931,Customer_931,Hyderabad,2023-07-20
932,Customer_932,Pune,2023-07-21
933,Customer_933,Delhi,2023-07-22
934,Customer_934,Bangalore,2023-07-23
935,Customer_935,Pune,2023-07-24
936,Customer_936,Hyderabad,2023-07-25
937,Customer_937,Pune,2023-07-26
938,Customer_938,Pune,2023-07-27
939,Customer_939,Pune,2023-07-28
940,Customer_940,Kolkata,2023-07-29
941,Customer_941,Bangalore,2023-07-30
942,Customer_942,Hyderabad,2023-07-31
943,Customer_943,Pune,2023-08-01
944,Customer_944,Bangalore,2023-08-02
945,Customer_945,Bangalore,2023-08-03
946,Customer_946,Kolkata,2023-08-04
947,Customer_947,Bangalore,2023-08-05
948,Customer_948,Chennai,2023-08-06
949,Customer_949,Hyderabad,2023-08-07
950,Customer_950,Delhi,2023-08-08
951,Customer_951,Kolkata,2023-08-09
952,Customer_952,Mumbai,2023-08-10
953,Customer_953,Hyderabad,2023-08-11
954,Customer_954,Chennai,2023-08-12
955,Customer_955,Hyderabad,2023-08-13
956,Customer_956,Kolkata,2023-08-14
957,Customer_957,Delhi,2023-08-15
958,Customer_958,Kolkata,2023-08-16
959,Customer_959,Pune,2023-08-17
960,Customer_960,Chennai,2023-08-18
961,Customer_961,Chennai,2023-08-19
962,Customer_962,Hyderabad,2023-08-20
963,Customer_963,Mumbai,2023-08-21
964,Customer_964,Bangalore,2023-08-22
965,Customer_965,Delhi,2023-08-23
966,Customer_966,Hyderabad,2023-08-24
967,Customer_967,Pune,2023-08-25
968,Customer_968,Chennai,2023-08-26
969,Customer_969,Chennai,2023-08-27
970,Customer_970,Delhi,2023-08-28
971,Customer_971,Hyderabad,2023-08-29
972,Customer_972,Pune,2023-08-30
973,Customer_973,Chennai,2023-08-31
974,Customer_974,Mumbai,2023-09-01
975,Customer_975,Mumbai,2023-09-02
976,Customer_976,Bangalore,2023-09-03
977,Customer_977,Pune,2023-09-04
978,Customer_978,Hyderabad,2023-09-05
979,Customer_979,Hyderabad,2023-09-06
980,Customer_980,Hyderabad,2023-09-07
981,Customer_981,Kolkata,2023-09-08
982,Customer_982,Delhi,2023-09-09
983,Customer_983,Mumbai,2023-09-10
984,Customer_984,Mumbai,2023-09-11
985,Customer_985,Mumbai,2023-09-12
986,Customer_986,Mumbai,2023-09-13
987,Customer_987,Pune,2023-09-14
988,Customer_988,Bangalore,2023-09-15
989,Customer_989,Chennai,2023-09-16
990,Customer_990,Hyderabad,2023-09-17
991,Customer_991,Mumbai,2023-09-18
992,Customer_992,Hyderabad,2023-09-19
993,Customer_993,Bangalore,2023-09-20
994,Customer_994,Pune,2023-09-21
995,Customer_995,Kolkata,2023-09-22
996,Customer_996,Hyderabad,2023-09-23
997,Customer_997,Chennai,2023-09-24
998,Customer_998,Kolkata,2023-09-25
999,Customer_999,Chennai,2023-09-26
1000,Customer_1000,Hyderabad,2023-09-27
